Sucursal 1,Sucursal 2,Sucursal 3,Sucursal 4,Sucursal 5,Sucursal 6,Sucursal 7,Sucursal 8,Sucursal 9,Sucursal 10,Sucursal 11,Sucursal 12,Sucursal 13,Sucursal 14,Sucursal 15,Sucursal 16,Sucursal 17,Sucursal 18,Sucursal 19,Sucursal 20,Sucursal 21,Sucursal 22,Sucursal 23,Sucursal 24,Sucursal 25,Sucursal 26,Sucursal 27,Sucursal 28,Sucursal 29,Sucursal 30,Sucursal 31,Sucursal 32,Sucursal 33,Sucursal 34,Sucursal 35,Sucursal 36,Sucursal 37,Sucursal 38,Sucursal 39,Sucursal 40,Sucursal 41,Sucursal 42,Sucursal 43,Sucursal 44,Sucursal 45,Sucursal 46,Sucursal 47,Sucursal 48,Sucursal 49
1,0,0,20,18,15,0,0,0,1,6,80,164,4,2,97,4,2,0,3,9,2,0,11,2,3,1,6,3,2,3,3,1,6,3,19,5,52,1,3,1,2,1,3,5,5,0,15,8
0,0,1,1,1,13,0,0,0,3,8,3,27,6,8,94,2,3,0,7,16,1,0,3,5,11,2,11,4,3,8,2,3,11,1,4,3,3,0,1,1,0,7,3,4,9,0,4,0
0,0,0,1,2,24,1,0,0,4,3,5,24,12,5,67,1,1,1,5,0,2,0,8,3,1,3,9,0,1,5,2,3,12,1,0,1,1,0,0,0,0,12,14,11,8,1,0,2
3,9,0,30,0,12,0,0,0,5,57,70,26,4,3,97,1,8,0,1,0,0,0,0,2,0,8,0,6,6,4,0,6,0,1,1,2,4,2,1,1,0,3,14,1,10,0,0,0
2,0,0,1,2,9,0,1,0,15,42,48,0,2,2,97,5,0,1,0,0,0,0,6,7,1,0,3,17,8,2,1,11,1,0,0,0,1,0,0,0,0,2,5,0,2,1,0,1
4,1,0,5,13,9,1,0,0,8,67,58,112,9,1,95,1,6,1,1,1,2,0,39,1,10,0,16,30,43,9,9,0,3,1,19,0,3,1,3,1,0,0,1,30,55,1,6,0
3,4,0,4,0,7,1,2,0,0,13,34,2,3,0,54,0,20,2,0,0,0,0,47,1,18,3,44,54,32,9,5,18,12,3,22,1,3,3,0,5,2,4,11,2,50,1,20,1
7,1,0,2,2,2,0,0,0,3,34,46,1,0,13,13,1,15,2,1,0,0,1,51,0,70,4,24,25,50,24,2,5,14,7,82,0,1,0,2,7,2,0,7,2,38,1,2,1
5,5,0,9,1,3,0,0,0,14,47,62,56,0,27,79,0,23,2,0,1,0,1,58,0,28,0,67,97,32,44,3,44,10,23,24,3,3,0,0,0,1,2,20,46,41,1,31,21
2,0,1,4,0,2,0,0,0,1,7,83,1,5,25,77,1,8,0,1,2,1,0,63,0,35,0,64,58,99,46,6,51,8,14,27,1,3,1,1,1,3,0,1,24,17,0,31,25
2,3,1,11,2,2,0,0,0,8,11,104,0,4,3,9,0,10,4,0,0,1,3,105,5,95,0,77,84,145,67,4,23,14,7,46,2,2,1,1,1,4,2,1,31,113,1,66,58
4,10,1,10,0,2,8,0,3,1,70,1,1,1,1,8,0,20,0,0,12,3,2,118,4,50,3,23,103,71,30,0,30,19,0,63,1,5,2,3,3,1,4,24,16,63,3,8,26
0,5,23,6,0,2,0,0,20,5,64,23,1,3,0,16,0,45,1,0,1,4,4,38,27,58,2,74,68,44,47,16,43,34,37,96,1,1,2,0,2,2,1,8,21,91,1,35,37
2,1,1,3,10,7,26,0,14,3,14,20,3,2,0,9,0,30,2,0,7,5,1,97,12,49,0,81,64,19,51,0,32,45,22,50,3,3,3,2,0,2,0,1,16,10,2,53,80
1,12,0,2,17,4,29,0,4,0,10,2,0,4,30,6,0,60,2,0,3,3,1,68,15,44,6,45,44,70,64,26,19,39,49,16,3,3,2,4,4,4,2,73,36,61,2,116,72
2,3,1,11,2,2,0,0,0,8,11,104,37,4,3,9,1,32,1,10,7,15,4,50,40,47,41,246,57,46,87,55,114,41,50,95,2,1,10,3,6,3,0,118,40,83,1,155,83
11,16,78,3,1,10,71,18,23,16,77,72,3,61,53,15,1,26,3,0,2,0,6,70,18,40,34,110,102,100,50,1,49,63,61,21,5,0,2,3,4,2,4,114,25,94,1,47,27
2,5,56,3,2,9,80,0,18,7,15,27,0,19,0,2,10,31,2,0,1,0,4,110,79,46,59,92,72,85,66,2,57,61,75,81,4,7,5,4,5,5,2,82,43,129,2,63,70
8,1,55,1,2,0,22,0,19,4,24,5,3,27,6,12,17,62,4,42,0,6,1,43,12,45,19,103,49,85,49,15,66,34,16,82,3,2,5,3,4,2,7,46,22,144,0,50,14
1,2,65,3,17,5,50,0,24,1,44,4,2,5,9,10,4,47,1,6,0,3,3,46,10,67,23,36,48,108,41,32,48,38,22,22,9,9,4,5,3,3,2,61,77,164,3,76,88
33,3,108,13,15,10,53,1,22,4,14,11,1,26,1,10,1,41,6,6,1,20,8,94,52,149,39,161,83,52,81,44,66,86,47,161,6,4,6,8,8,2,4,52,66,129,2,82,65
35,1,26,3,12,4,18,1,15,5,4,14,4,42,62,4,0,49,4,45,24,1,4,78,81,82,25,172,18,80,38,24,56,86,40,86,6,4,4,1,0,4,5,124,45,91,0,13,90
16,3,45,23,8,6,12,3,15,1,31,7,0,8,73,11,6,23,4,1,5,10,2,57,34,67,63,134,75,77,81,12,50,100,55,107,5,1,2,2,7,5,4,76,55,66,1,65,42
15,11,34,34,10,11,20,7,19,6,32,11,3,40,38,4,9,62,2,44,7,0,1,101,51,109,23,91,138,144,50,3,61,143,38,122,16,2,4,0,1,4,1,65,50,48,1,51,38
22,20,4,24,3,17,15,0,17,2,58,22,10,9,45,30,0,19,2,0,8,0,4,28,80,42,52,39,59,45,34,3,47,72,50,82,6,1,10,3,4,2,3,76,79,66,1,105,26
44,16,36,24,16,47,33,18,46,10,46,33,16,10,62,19,0,32,6,4,18,11,8,205,46,70,26,200,92,111,29,51,70,93,79,43,7,4,9,6,6,2,2,77,34,96,4,35,82
30,13,66,37,22,29,20,10,23,1,46,31,6,13,28,16,6,28,2,40,0,2,4,136,22,66,44,93,80,35,73,50,50,96,48,43,8,2,6,3,3,9,1,93,35,68,2,40,51
11,22,22,30,31,37,24,57,17,30,40,34,7,26,32,38,2,37,3,1,8,3,1,93,21,33,5,73,56,77,52,19,59,83,26,161,8,3,6,1,7,2,0,50,43,55,0,38,42
15,29,5,25,31,28,0,52,25,10,38,28,9,10,6,21,0,13,3,35,3,10,3,66,23,23,31,86,70,86,36,93,55,12,22,37,4,2,6,1,5,5,3,30,51,61,2,14,29
18,12,40,41,30,17,31,18,13,19,14,18,15,26,5,34,0,2,3,0,6,0,8,92,3,24,80,63,29,54,38,34,48,62,24,78,4,2,2,5,6,3,2,60,48,28,0,23,4
15,16,37,41,49,22,30,25,29,18,78,24,28,21,39,36,0,45,4,2,0,0,12,0,3,61,17,113,40,48,17,26,21,1,8,31,3,2,9,2,10,3,2,73,32,2,0,7,57
29,25,17,26,34,17,22,28,25,30,59,26,10,19,10,31,2,29,7,72,55,23,6,165,36,112,42,164,63,85,70,54,102,117,61,112,10,18,8,5,8,6,5,85,86,205,3,20,115
30,32,3,37,30,20,28,30,20,16,45,21,31,48,29,32,12,25,1,19,20,9,0,111,19,76,53,116,73,48,70,8,81,122,32,155,7,11,3,5,8,3,2,111,33,100,2,48,38
32,18,19,13,23,22,23,25,15,0,24,26,30,38,34,17,0,2,2,61,8,0,3,93,34,54,73,81,53,51,78,68,63,64,41,50,7,1,10,5,4,5,4,95,33,123,4,67,20
23,21,4,50,23,18,20,20,4,2,8,35,33,26,41,13,0,9,3,1,1,6,1,61,29,59,28,76,30,70,63,40,69,49,12,121,5,3,1,4,5,5,4,36,24,120,6,30,56
27,33,24,38,29,15,50,21,5,14,54,46,14,10,37,23,22,29,2,0,0,14,4,21,19,40,61,72,19,65,41,85,74,34,44,82,6,1,9,4,9,7,0,100,17,72,9,68,22
21,7,10,43,33,1,28,26,6,9,32,53,19,28,34,15,13,11,4,0,4,0,2,72,22,16,40,49,5,70,51,2,39,7,52,90,1,2,8,1,2,4,1,0,23,37,1,39,30
26,11,19,13,18,23,15,31,20,36,18,52,26,15,12,36,42,26,4,43,20,16,6,82,20,95,0,113,55,43,98,1,37,117,44,69,9,3,1,6,9,9,2,70,48,97,2,42,87
23,23,27,38,25,25,21,17,13,14,53,21,17,20,12,31,4,20,2,44,7,6,3,28,17,47,54,59,111,61,16,1,62,49,61,5,4,6,8,6,4,2,2,54,68,79,1,72,65
22,13,21,48,20,6,21,22,8,17,16,60,9,18,11,24,6,14,4,1,10,15,5,75,12,60,34,58,49,23,35,89,75,25,47,94,6,5,3,4,4,9,0,8,33,81,3,46,11
22,46,29,18,36,24,45,24,27,17,28,51,37,17,16,67,13,27,5,1,14,32,2,2,22,45,22,99,21,49,58,14,14,70,105,40,5,2,9,10,6,4,1,123,21,55,1,51,75
40,29,33,51,17,14,18,6,16,5,69,32,22,14,20,40,14,13,5,0,15,1,4,133,15,100,49,56,34,36,67,7,74,100,48,100,7,3,4,2,4,4,1,45,65,73,2,49,23
41,32,37,20,17,15,16,11,21,2,34,36,19,5,16,41,0,8,1,0,15,24,0,43,18,42,23,21,66,69,28,4,62,52,26,16,6,6,3,5,6,3,0,43,46,28,1,45,48
60,37,20,11,4,6,26,34,14,6,10,22,4,11,28,39,2,33,4,28,10,5,2,64,14,30,53,45,63,29,46,28,10,62,48,34,4,1,6,6,3,7,0,71,8,78,0,48,35
9,11,7,4,13,9,1,6,14,0,7,27,59,8,7,30,1,31,3,3,18,14,7,39,8,56,19,77,33,34,52,37,71,40,21,57,6,2,2,4,4,6,0,72,39,40,1,83,64
25,2,29,9,59,38,19,13,24,44,8,29,12,17,17,43,36,25,7,26,0,5,7,64,18,88,79,125,50,76,50,7,33,36,23,51,8,0,6,5,4,2,3,15,60,109,1,51,26
16,13,10,18,19,21,30,9,6,7,36,33,9,9,7,32,14,13,5,0,15,1,4,133,15,100,49,56,34,36,67,7,74,100,48,100,7,3,4,2,4,4,1,45,65,73,2,49,23
25,13,15,23,5,11,16,36,22,1,18,32,13,25,23,20,0,0,0,0,0,0,0,0,0,0,0,0,0,0,0,0,0,0,0,0,0,0,0,0,0,0,0,0,0,0,0,0,0
25,15,24,15,15,9,19,24,15,8,9,26,9,19,15,36,15,26,2,9,4,31,11,77,3,61,13,55,98,30,71,0,72,46,65,89,6,7,2,5,6,7,3,123,54,71,2,44,101
24,1,31,25,12,11,12,29,14,14,4,34,8,12,7,20,3,11,4,2,23,27,4,38,6,32,31,63,85,51,100,79,43,120,44,145,5,3,4,10,4,7,2,34,98,52,0,56,25
35,19,21,39,35,24,21,33,2,17,23,36,28,20,28,24,12,19,6,15,14,37,9,5,2,47,4,86,95,60,72,22,68,61,77,117,7,7,10,4,4,6,1,87,38,102,2,52,30
28,20,0,20,55,25,18,37,45,16,24,36,26,16,17,24,0,32,4,0,12,27,2,101,15,34,13,63,7,122,43,4,61,106,53,64,4,3,3,4,3,2,4,19,85,83,2,36,26
23,18,21,14,30,13,25,25,33,27,17,33,29,12,18,30,8,17,2,3,4,30,2,50,12,27,19,63,89,62,81,1,35,105,30,68,2,3,5,2,4,4,5,0,59,78,2,34,31
26,14,43,17,31,28,21,29,24,0,7,29,15,17,17,38,0,11,4,0,8,0,2,34,14,23,5,43,177,71,37,54,19,51,23,38,5,2,10,4,4,2,16,2,29,40,1,39,12
48,40,17,46,37,21,23,24,24,1,12,17,6,20,29,33,0,25,2,6,0,48,3,47,17,24,47,89,63,63,95,51,53,38,17,80,4,4,1,1,5,7,2,8,61,91,2,43,31
19,8,55,28,71,37,32,37,7,29,32,31,10,11,14,44,29,30,3,4,6,1,5,74,17,83,20,81,96,76,56,0,77,104,46,106,2,0,5,2,6,3,9,10,40,102,7,88,13
13,26,69,26,12,17,17,31,32,18,15,51,3,17,22,42,10,5,4,9,14,1,0,36,11,91,11,57,43,37,106,1,48,51,44,27,6,2,4,2,4,4,2,13,65,75,1,49,119
36,14,22,25,23,30,23,23,49,1,24,21,33,20,33,36,0,7,1,0,0,0,1,37,8,35,6,40,94,31,43,4,43,48,24,39,6,2,0,5,6,1,0,0,31,73,10,20,0
10,10,38,20,7,12,17,8,23,21,65,34,31,6,24,32,0,10,2,1,0,0,4,15,4,12,18,54,42,44,15,10,15,23,61,21,1,1,3,2,5,0,1,11,27,80,1,30,32
19,6,7,12,7,20,31,19,33,7,30,22,25,17,19,26,0,29,3,12,8,43,2,44,9,49,17,43,4,58,22,12,18,47,24,6,4,1,1,0,0,2,3,14,100,62,2,54,44
16,13,4,8,3,8,2,6,2,7,22,22,7,5,5,5,6,23,7,2,29,53,4,61,17,43,14,41,72,76,33,24,46,50,51,122,6,2,5,6,2,3,6,164,37,96,2,84,30
35,44,70,24,27,17,21,41,31,4,24,53,25,9,35,34,17,25,3,6,48,1,3,30,25,53,18,133,104,65,33,2,27,37,30,68,2,0,3,5,3,6,1,32,86,61,1,51,82
20,8,18,29,11,29,10,4,5,30,41,19,3,14,22,13,0,4,3,5,23,4,5,23,19,20,27,58,76,53,60,2,33,24,39,38,3,0,2,3,8,5,3,2,57,16,1,56,40
37,31,45,27,16,34,10,6,33,23,74,26,36,8,33,60,8,60,3,5,8,35,2,45,24,47,20,45,129,59,52,16,20,37,31,68,3,1,6,0,3,3,2,48,45,95,1,52,31
32,13,18,15,3,13,18,8,15,10,53,48,10,29,28,40,38,46,7,46,20,33,12,91,56,81,59,89,52,87,81,106,87,60,86,74,11,6,12,11,11,14,14,81,89,61,11,85,95
14,8,13,11,9,19,7,13,13,17,8,29,22,23,12,10,9,0,2,24,0,30,5,44,11,40,13,65,53,44,33,15,15,52,2,64,4,7,10,3,8,4,23,50,31,69,2,48,47
41,11,46,39,1,5,8,6,15,14,2,14,12,12,15,35,6,44,4,23,15,44,3,54,37,15,4,68,5,36,19,1,31,14,0,0,13,5,6,3,0,3,10,39,26,61,1,25,24
23,7,10,39,10,11,3,16,28,10,13,20,10,8,18,22,0,5,1,10,8,15,3,41,47,68,45,36,100,49,33,1,69,46,0,14,7,2,4,6,4,1,0,7,42,91,3,36,0
29,19,7,22,11,26,13,44,26,12,14,41,46,48,10,40,11,29,3,25,3,36,2,39,10,46,14,50,62,15,34,1,42,23,77,104,9,5,2,4,2,6,7,35,59,92,1,29,40
28,12,19,6,13,22,20,20,15,0,90,34,8,20,16,25,2,34,1,10,8,13,3,61,32,36,65,41,101,67,60,4,29,58,74,133,8,8,5,9,5,3,1,86,45,96,2,37,43
23,5,44,28,32,18,3,24,19,15,8,26,30,3,13,44,35,1,7,7,3,5,9,12,6,16,8,53,66,65,64,9,9,2,14,68,8,5,6,2,2,2,0,12,77,57,2,27,58
16,24,15,19,19,23,16,16,9,20,24,20,18,9,34,16,29,4,4,25,22,2,7,65,2,35,11,56,24,29,64,36,64,58,4,88,14,4,3,1,3,3,1,11,37,70,1,23,88
20,20,41,26,2,12,13,35,27,0,52,37,20,15,18,36,11,37,6,10,3,5,2,18,14,78,4,51,62,50,16,30,47,27,44,36,11,1,2,2,7,3,1,58,60,78,0,35,37
10,6,6,8,11,20,14,28,15,0,73,31,14,17,10,12,27,22,4,28,11,10,3,73,10,22,6,37,100,82,51,41,8,24,68,61,26,2,2,5,4,4,1,34,35,101,1,27,33
27,16,50,8,10,15,26,19,40,10,16,43,15,12,13,46,2,2,4,14,12,1,1,38,10,60,2,58,111,18,58,14,37,30,48,83,15,3,3,1,5,4,1,5,56,43,2,21,26
37,17,38,22,19,21,25,24,17,38,49,32,18,10,14,16,1,35,9,32,36,9,6,54,16,80,8,44,78,129,92,24,65,54,100,54,11,5,2,5,8,4,6,34,62,68,3,53,51
16,24,15,19,19,23,16,16,9,20,24,20,18,9,34,16,10,12,2,1,23,11,3,63,3,16,13,41,3,47,27,1,45,52,8,49,21,4,3,3,0,0,3,49,40,1,2,12,43
0,0,0,0,0,0,0,0,0,0,0,0,0,0,0,0,25,13,8,44,37,6,5,29,13,78,13,69,120,65,34,18,80,53,62,142,18,11,3,13,4,4,4,50,55,120,3,57,42
19,39,61,20,17,17,10,18,34,17,41,64,19,15,25,51,0,3,3,15,20,16,6,34,18,28,19,47,51,28,39,6,15,63,34,67,12,2,6,11,2,5,5,3,39,58,4,26,51
26,15,32,19,22,31,31,34,30,53,16,38,34,25,14,38,1,32,4,2,6,2,3,29,8,15,19,41,33,11,26,0,43,31,6,5,4,6,3,3,6,5,2,71,29,54,1,50,40
12,16,17,16,9,20,17,22,12,41,20,30,21,29,26,33,0,0,0,0,0,0,0,0,0,0,0,0,0,0,0,0,0,0,0,0,0,0,0,0,0,0,0,0,0,0,0,0,0
14,11,11,14,8,28,21,15,18,10,21,16,22,10,25,50,0,10,9,15,18,11,8,21,16,33,15,48,102,46,33,6,12,43,16,20,4,6,4,8,10,3,21,78,41,96,4,53,14
21,9,24,21,11,34,34,4,17,16,17,16,32,19,6,27,2,19,4,12,31,4,6,13,14,53,5,25,88,59,11,1,43,62,29,48,11,3,2,5,13,0,2,43,29,34,1,17,36
22,9,29,30,8,24,7,15,10,17,26,22,37,11,15,14,0,12,6,14,5,5,1,22,10,20,5,27,69,41,59,35,32,61,34,38,7,7,4,18,5,7,1,40,18,43,1,54,17
17,27,39,10,11,11,5,23,20,26,12,23,19,22,18,34,1,18,2,7,2,6,5,17,1,45,3,29,58,32,16,23,13,22,28,35,6,2,3,3,3,7,3,15,48,30,3,34,33
39,21,34,20,18,41,22,21,15,7,18,13,8,18,13,32,0,10,4,13,17,9,8,10,18,40,2,38,33,40,23,17,21,30,25,50,19,6,1,7,1,9,8,18,18,51,1,14,55
45,28,33,22,11,22,25,7,9,18,37,26,16,22,44,38,24,19,2,10,19,18,4,10,8,47,28,20,46,37,32,10,13,29,30,45,8,4,6,9,1,5,11,22,47,16,0,16,22
18,5,15,28,2,17,14,24,22,1,31,38,25,13,13,71,36,17,4,11,14,19,0,10,15,43,12,18,22,36,9,29,19,24,29,21,6,6,3,14,9,3,6,1,2,32,3,22,6
24,15,3,22,7,16,14,15,10,34,8,15,17,29,24,34,12,11,1,0,30,9,0,19,1,36,5,26,22,13,9,7,19,34,16,24,8,3,1,14,16,4,1,16,27,27,0,17,10
8,5,5,8,0,13,5,5,9,33,4,7,6,7,7,27,14,16,4,2,2,26,1,8,2,1,1,23,45,29,17,0,19,40,14,40,8,6,1,4,1,4,5,29,14,9,5,11,16
10,4,17,11,15,13,8,20,16,26,1,12,24,20,25,9,0,0,0,0,0,0,0,0,0,0,0,0,0,0,0,0,0,0,0,0,0,0,0,0,0,0,0,0,0,0,0,0,0
24,8,13,42,19,23,2,18,8,14,5,26,28,27,17,5,0,9,12,5,29,26,8,11,13,40,3,21,36,22,17,2,21,46,24,35,18,3,4,6,7,4,3,31,22,16,5,22,7
13,4,6,14,8,10,1,18,14,13,6,17,9,12,11,57,1,8,9,2,11,29,3,12,19,16,0,22,15,28,9,1,23,18,14,36,15,7,5,8,4,5,9,5,5,26,1,28,25
19,1,31,36,11,17,19,21,21,6,5,23,15,25,13,21,7,8,9,3,6,24,5,17,9,9,14,10,15,25,19,3,15,14,21,27,12,6,4,10,7,7,4,11,31,26,1,16,5
47,22,30,19,33,31,25,36,38,13,26,49,37,30,43,44,0,8,5,0,1,8,3,14,18,23,6,15,22,15,14,3,13,21,13,17,7,2,8,4,3,6,4,2,5,32,3,13,14
13,11,63,18,16,20,7,15,18,14,27,5,34,11,27,45,10,16,9,16,38,7,10,8,15,23,12,38,33,36,27,5,23,11,11,34,17,8,5,6,4,10,10,12,27,63,3,13,14
18,19,21,47,16,16,14,17,18,10,33,24,18,19,17,32,1,22,1,7,7,9,8,9,4,37,6,24,26,14,13,21,35,18,11,40,13,5,8,10,0,5,10,9,27,21,2,15,5
10,6,24,21,15,34,12,10,4,20,21,28,5,24,24,29,1,9,5,6,12,9,4,4,6,15,2,24,9,9,3,2,23,22,3,32,7,5,3,3,3,5,11,2,10,4,1,9,10
11,20,12,17,8,10,5,20,4,13,12,15,8,15,10,22,0,6,7,5,18,23,7,108,6,3,7,34,15,22,17,4,17,21,33,23,9,11,4,15,3,8,0,7,16,55,4,9,0
17,8,23,19,18,4,14,18,44,20,26,9,26,17,21,28,2,3,4,3,9,3,7,17,18,42,11,26,14,17,31,0,23,25,20,45,13,10,5,10,1,5,6,0,2,10,1,11,14
18,15,0,4,8,5,8,6,12,9,16,31,11,9,18,31,27,20,9,32,2,27,6,5,20,9,11,21,21,16,9,1,11,9,14,15,13,8,7,4,6,6,11,7,3,45,1,17,2
11,22,6,24,20,33,17,11,27,8,15,29,44,28,18,31,0,5,8,15,5,15,10,4,0,21,9,12,18,7,14,1,17,14,7,10,12,10,4,9,0,5,0,8,10,18,4,11,101
12,21,23,41,21,16,16,7,11,13,11,10,5,21,22,31,11,4,3,10,5,16,2,9,0,5,0,16,20,20,12,3,12,7,0,9,9,6,7,5,8,1,0,17,11,13,3,8,4
21,20,28,16,17,13,1,4,5,17,8,12,17,4,30,18,0,2,8,10,9,20,2,8,7,14,6,15,27,21,9,0,3,16,12,19,11,9,7,5,10,3,4,8,46,16,0,8,5
21,13,17,28,18,16,10,9,18,30,26,11,25,11,25,32,1,6,4,8,23,21,2,1,10,52,0,19,30,14,13,1,70,17,6,51,6,4,5,1,2,5,1,59,18,17,1,14,1
15,13,22,13,37,43,13,18,29,24,8,14,36,25,20,13,0,8,7,9,38,36,9,18,38,16,3,14,32,38,12,1,5,2,17,33,10,8,8,10,4,4,8,36,4,12,6,10,15
17,16,16,10,9,14,9,6,10,20,21,11,32,19,28,16,0,0,1,14,10,1,0,7,5,0,3,16,23,7,6,3,18,17,11,43,5,4,1,3,1,2,1,3,8,24,1,4,0
29,34,13,24,8,17,9,19,28,43,26,30,35,20,49,15,17,5,5,20,13,20,3,13,23,10,5,16,11,34,20,3,34,8,23,12,9,4,1,4,3,1,4,27,30,19,2,19,14
46,8,13,15,3,25,6,3,15,11,42,14,18,15,15,30,11,3,3,3,4,1,0,14,8,1,0,1,5,5,3,1,11,4,2,2,4,1,2,3,1,3,1,1,23,11,1,2,0
8,7,12,10,3,10,1,1,11,4,18,30,50,4,6,7,1,3,14,13,50,1,4,10,10,22,9,25,16,29,10,0,18,13,15,16,10,6,2,7,3,27,2,14,49,10,1,6,9
0,0,0,0,0,0,0,0,0,0,0,0,0,0,0,0,1,4,6,4,21,17,5,10,8,5,8,13,35,12,16,2,29,13,12,31,20,9,3,7,5,2,1,3,23,10,3,6,22
10,4,2,21,13,25,3,7,17,7,12,17,10,15,9,23,0,16,8,22,27,12,4,15,11,18,2,25,17,9,13,2,13,17,1,2,16,11,11,7,4,3,3,0,22,6,0,6,10
10,9,6,15,4,10,15,21,17,0,8,24,21,21,9,3,1,23,3,18,28,5,1,3,3,23,1,1,18,10,12,4,4,4,8,26,15,10,2,10,3,3,0,2,0,10,0,2,2
15,27,1,14,10,12,7,14,6,4,7,21,8,13,7,13,16,3,14,6,44,31,3,19,8,5,1,8,10,14,15,1,14,20,6,33,12,7,11,5,4,5,1,5,11,11,1,16,31
5,12,0,7,9,7,4,4,13,9,20,20,4,10,2,10,34,50,5,9,17,29,10,4,14,13,10,18,12,7,23,3,9,11,2,21,7,9,3,5,2,1,2,0,37,8,0,8,4
17,11,13,3,16,16,1,8,14,16,12,20,29,4,7,11,16,15,17,19,5,14,13,7,14,13,0,14,23,7,17,1,6,9,6,16,5,16,4,2,5,8,2,5,14,31,1,7,3
14,8,10,12,5,12,14,11,12,9,10,7,12,12,8,11,1,13,8,26,19,3,6,12,7,11,1,7,10,8,12,2,10,9,2,19,9,14,6,5,2,10,2,1,8,6,0,7,5
18,12,25,14,9,18,9,20,12,12,16,13,10,13,11,23,13,8,11,6,22,7,5,8,9,14,5,21,17,5,8,5,9,16,9,11,12,9,7,5,6,6,1,1,10,8,0,7,19
30,10,14,14,9,11,5,10,14,11,10,26,20,16,6,23,33,20,7,0,10,9,2,6,0,0,0,12,10,3,1,1,6,9,0,15,6,3,2,6,1,4,1,0,6,2,1,2,7
14,10,10,0,1,1,7,6,3,10,6,18,7,8,13,7,0,0,0,0,0,0,0,0,0,0,0,0,0,0,0,0,0,0,0,0,0,0,0,0,0,0,0,0,0,0,0,0,0
0,0,0,0,0,0,0,0,0,0,0,0,0,0,0,0,12,2,9,22,16,16,8,11,1,10,1,13,8,8,8,2,16,11,17,12,11,4,17,3,2,7,4,4,13,9,0,4,9
6,24,4,12,18,23,20,16,11,18,7,21,20,4,13,5,27,18,7,21,28,4,6,10,10,14,1,8,9,21,12,0,10,30,3,43,4,6,4,9,6,11,12,3,32,16,1,2,8
18,17,3,11,23,16,12,11,20,16,15,37,12,8,15,14,0,7,9,12,22,47,6,2,7,6,1,8,14,23,7,0,13,17,7,9,11,6,6,4,6,2,0,5,3,11,2,2,16
9,12,3,10,10,18,7,14,19,15,10,13,11,6,7,19,0,14,2,7,22,8,0,0,7,4,0,6,18,6,4,0,5,14,2,11,2,4,6,1,2,7,0,0,7,15,1,2,2
4,17,3,4,4,11,1,6,6,1,8,14,30,4,5,3,0,0,0,0,0,0,0,0,0,0,0,0,0,0,0,0,0,0,0,0,0,0,0,0,0,0,0,0,0,0,0,0,0
8,25,16,22,3,17,5,13,31,13,3,14,21,7,14,15,2,2,9,2,9,10,6,9,0,1,0,5,3,3,9,1,4,0,2,1,13,3,4,2,3,6,2,4,3,2,0,2,10
11,7,30,15,17,25,12,8,21,13,15,11,10,12,2,11,0,1,7,10,15,36,5,2,0,3,0,6,33,11,14,28,6,9,6,5,1,18,5,3,1,3,0,0,8,6,0,0,8
27,14,10,10,10,15,9,12,4,9,14,12,6,15,24,22,0,6,4,4,24,2,4,2,3,1,0,5,5,11,15,0,5,18,5,8,11,3,0,7,5,7,6,4,5,11,0,4,7
17,4,1,12,3,11,4,5,21,7,5,19,9,12,2,15,1,12,0,3,42,7,1,6,13,2,3,24,26,13,3,16,8,10,1,9,8,5,10,6,2,7,5,3,8,7,0,6,11
20,5,19,11,1,25,2,3,14,17,15,13,2,17,17,3,0,2,6,0,19,21,4,11,2,12,4,17,8,5,13,2,5,4,3,7,7,1,3,7,1,6,0,6,1,5,1,2,0
8,4,3,5,4,19,0,12,10,11,7,13,9,6,23,4,15,8,20,17,19,49,8,11,4,13,0,25,9,8,18,18,17,13,4,12,6,12,11,5,2,4,1,5,10,11,3,1,2
3,5,12,6,6,12,2,6,7,5,8,10,6,5,5,40,2,43,22,55,64,30,15,26,28,31,0,50,28,25,32,33,37,10,24,63,24,20,23,13,13,21,8,24,25,42,4,14,50
1,1,4,7,0,10,0,4,6,19,6,6,3,11,3,9,21,14,8,4,35,27,3,7,14,22,3,26,5,13,11,8,14,6,6,28,4,8,6,2,4,5,3,1,16,6,2,5,19
6,4,1,6,7,4,0,6,8,12,1,18,7,11,19,15,30,10,4,2,15,22,2,4,2,7,3,13,7,25,18,31,17,31,3,15,6,7,2,1,2,5,3,24,9,7,0,4,7
3,5,7,12,7,5,7,5,8,1,13,13,7,8,3,2,0,2,6,0,19,21,4,11,2,12,4,17,8,5,13,2,5,4,3,7,7,1,3,7,1,6,0,6,1,5,1,2,0
4,8,5,13,9,28,3,11,12,16,15,16,23,9,10,27,15,8,20,17,19,49,8,11,4,13,0,25,9,8,18,18,17,13,4,12,6,12,11,5,2,4,1,5,10,11,3,1,2
16,0,9,14,4,8,2,2,10,7,10,18,6,9,10,3,1,7,4,4,21,2,4,9,5,9,1,6,3,4,3,5,8,12,16,1,8,4,2,3,1,1,0,1,1,5,0,1,5
11,5,4,9,2,17,11,4,29,4,11,19,18,19,7,21,27,21,8,21,29,44,3,5,9,3,1,20,25,13,17,2,8,11,2,20,10,6,6,3,5,13,3,12,26,8,0,4,4
5,0,4,3,1,5,0,10,9,10,2,12,2,9,1,1,0,1,4,0,6,22,1,8,0,1,3,9,17,1,0,2,10,1,0,15,6,2,0,2,1,7,0,0,0,0,0,1,8
6,3,7,16,5,21,0,2,9,4,4,20,9,13,15,14,0,26,6,7,18,6,4,4,12,15,3,12,19,6,13,2,8,8,11,9,7,6,10,3,3,6,3,3,19,9,1,3,11
16,6,6,19,3,6,8,4,6,5,16,17,22,20,14,4,8,32,11,21,44,55,15,5,1,7,2,9,13,9,10,9,4,5,11,12,9,5,12,7,2,4,3,7,22,15,4,5,15
23,10,11,21,5,13,15,8,10,0,7,14,26,7,29,24,0,11,13,8,16,48,5,5,1,6,1,14,18,16,18,5,10,22,9,16,15,6,12,3,3,13,13,3,35,18,1,17,13
16,8,5,10,1,19,4,2,8,1,11,10,9,6,8,4,0,16,10,8,18,32,4,7,5,25,4,6,17,11,7,29,13,6,11,4,4,9,8,2,8,5,3,2,26,9,1,2,13
27,7,8,26,21,25,11,11,5,5,24,21,12,16,14,14,18,13,21,1,20,7,2,5,2,6,1,5,13,10,5,32,6,23,10,10,10,6,21,3,9,11,3,5,3,9,4,9,9
16,7,6,11,9,24,10,5,27,5,17,23,19,10,18,14,0,26,6,7,18,6,4,4,12,15,3,12,19,6,13,2,8,8,11,9,7,6,10,3,3,6,3,3,19,9,1,3,11
27,27,10,10,2,40,5,2,9,9,30,11,14,11,23,9,1,15,8,0,16,62,4,15,4,24,11,24,33,20,19,12,18,11,2,25,21,8,7,8,5,5,6,8,14,16,5,7,11
29,6,9,16,1,17,4,1,12,10,17,16,22,19,23,5,0,18,13,8,17,52,3,9,4,11,8,16,17,9,9,1,9,15,11,16,23,8,6,8,7,8,7,9,17,15,0,5,19
13,3,17,10,5,5,7,6,1,4,12,17,20,13,23,5,0,16,19,10,47,65,11,14,3,12,2,14,38,9,24,17,14,3,5,17,18,3,12,3,5,9,9,2,28,10,0,2,17
11,9,2,16,2,3,3,1,9,5,15,10,8,5,3,7,0,18,11,4,24,30,4,2,5,10,0,3,9,8,10,1,7,6,6,8,8,4,9,1,0,1,3,7,9,4,1,0,6
0,0,0,0,0,0,0,0,0,0,0,0,0,0,0,0,0,6,1,2,4,10,2,2,0,6,0,16,3,3,6,23,5,6,11,8,3,3,4,3,0,0,1,0,0,2,0,3,3
8,15,10,11,1,28,2,6,5,26,6,6,6,6,16,14,1,15,8,0,16,62,4,15,4,24,11,24,33,20,19,12,18,11,2,25,21,8,7,8,5,5,6,8,14,16,5,7,11
31,13,4,9,3,19,3,1,7,30,14,21,22,16,2,8,0,1,15,0,2,0,2,11,2,5,1,12,1,8,23,2,9,6,0,4,6,0,4,5,1,4,5,12,1,0,0,3,4
20,12,9,9,2,19,0,0,9,5,16,14,8,11,2,7,0,21,7,15,5,2,3,11,0,12,20,8,20,12,13,0,13,3,12,8,8,5,7,2,4,4,5,4,27,12,0,0,15
10,0,1,5,1,6,0,2,1,4,2,1,10,1,1,4,2,10,8,11,5,27,2,3,7,11,2,20,22,9,6,0,5,4,2,7,10,3,8,2,0,1,4,0,0,12,0,7,10
0,0,0,0,0,0,0,0,0,0,0,0,0,0,0,0,11,4,13,3,23,16,6,2,8,10,5,5,12,12,22,0,10,8,11,16,16,4,15,4,5,6,3,0,21,6,0,3,4
3,1,7,4,0,3,3,0,5,4,1,5,5,7,1,6,0,0,6,10,12,11,4,2,0,18,0,16,19,10,22,15,15,6,3,11,6,1,1,3,5,7,3,6,19,8,0,6,0
3,4,2,7,3,6,0,1,19,17,6,13,6,5,17,7,0,18,15,27,53,36,10,20,6,13,24,15,15,8,14,26,29,10,3,16,10,5,13,5,6,6,4,8,16,9,0,6,22
9,10,6,12,5,5,1,3,9,7,8,7,6,8,7,6,1,8,9,8,0,51,4,7,1,11,6,8,4,0,2,16,6,12,5,14,10,3,3,2,4,4,2,1,8,7,0,0,2
13,5,11,4,1,5,2,2,7,5,2,9,7,3,6,8,0,19,26,4,6,26,5,8,6,22,2,8,12,15,13,3,12,20,4,27,11,5,11,6,4,9,1,14,9,17,0,11,1
7,5,6,3,1,9,1,1,5,5,7,5,3,6,13,2,0,15,3,0,2,28,5,6,0,12,0,11,2,9,4,0,10,7,3,3,1,2,5,5,0,1,0,4,21,0,0,0,4
1,7,5,12,11,16,10,2,6,10,20,7,17,12,13,28,0,10,18,6,7,46,5,8,6,13,7,10,24,25,27,0,14,12,1,23,10,2,8,3,3,3,4,25,32,14,0,11,12
11,28,25,23,12,24,8,6,30,30,22,44,42,10,37,22,0,15,11,20,19,65,7,3,2,9,21,7,25,15,25,12,9,11,7,15,7,5,6,2,4,11,1,12,16,11,0,1,2
9,4,3,7,3,2,1,3,13,14,9,11,13,8,11,9,0,7,11,10,13,25,3,12,0,15,6,7,1,5,8,5,15,19,4,6,10,1,10,5,1,0,0,7,21,2,0,5,1
10,11,3,6,3,9,0,1,7,6,9,19,5,9,10,12,0,11,25,9,36,60,4,12,2,15,7,17,28,32,36,0,12,37,5,43,16,1,3,7,1,3,1,12,52,15,0,4,9
7,5,6,3,1,9,1,1,5,5,7,5,3,6,13,2,0,4,6,1,5,0,2,2,1,6,0,0,2,2,1,1,6,6,0,5,1,2,1,3,3,2,0,1,6,15,0,4,8
1,7,5,12,11,16,10,2,6,10,20,7,17,12,13,28,45,5,16,4,16,34,7,2,0,8,7,4,19,3,2,0,10,3,8,1,9,3,8,8,0,5,2,1,17,17,0,5,12
0,10,14,8,0,12,2,3,1,5,12,20,3,12,10,2,15,33,9,3,12,27,4,0,0,0,0,0,23,1,0,0,0,5,5,11,3,2,2,1,1,2,1,0,18,7,0,0,1
2,24,1,7,5,10,1,2,31,14,21,21,15,17,17,12,0,11,18,12,52,22,2,9,6,1,6,6,12,17,2,0,3,16,6,17,10,8,11,8,0,5,0,2,26,11,0,3,4
0,1,4,2,5,1,1,5,1,1,9,5,1,4,0,8,12,14,22,8,53,56,4,10,3,9,5,26,66,12,14,37,24,16,7,21,14,3,7,9,4,3,3,12,20,16,0,6,11
9,10,3,13,2,6,1,1,5,16,12,23,12,14,9,4,0,1,1,0,0,12,1,3,1,0,9,3,0,2,1,1,0,14,0,1,1,2,0,0,0,0,0,0,22,1,0,1,1
1,16,12,23,3,11,1,7,3,13,6,15,9,13,25,7,0,8,25,4,22,50,6,1,2,4,0,7,26,18,7,1,8,16,3,10,9,5,6,4,0,6,2,11,38,5,0,2,6
10,20,4,26,3,14,3,0,8,5,19,23,19,11,11,25,0,15,15,8,25,37,3,9,4,4,4,10,18,5,11,17,6,26,8,10,6,10,2,9,1,12,3,6,38,4,0,5,9
23,5,9,18,6,3,1,1,17,2,10,28,21,24,2,25,0,15,32,8,31,33,3,23,4,8,11,10,28,7,32,1,13,27,8,14,7,7,11,8,4,11,3,14,23,5,0,3,20
11,4,4,9,1,11,2,8,11,2,16,13,7,12,16,12,0,0,5,4,7,11,4,4,6,4,2,5,0,10,1,2,0,2,3,11,6,5,4,0,1,12,0,1,0,9,0,6,0
9,10,3,13,2,6,1,1,5,16,12,23,12,14,9,4,14,12,24,1,53,25,6,18,9,8,3,9,24,29,19,17,17,32,2,20,5,5,8,5,5,22,1,15,37,18,0,9,0
11,13,37,29,2,12,2,6,14,8,14,18,13,14,29,24,0,8,11,8,26,35,2,7,2,4,0,6,17,5,8,2,3,3,5,4,16,8,5,6,0,4,2,2,23,7,0,7,32
7,1,10,6,6,9,0,4,12,13,8,7,14,13,10,4,0,6,5,4,11,14,5,5,1,5,2,7,19,25,6,36,10,6,6,11,11,5,5,4,1,9,1,3,17,14,0,6,3
4,14,10,11,0,11,14,0,8,8,10,21,11,17,7,15,4,1,14,8,20,17,4,8,0,0,2,13,10,7,9,29,5,19,13,13,17,4,10,5,5,15,0,6,12,6,0,3,18
2,5,0,2,0,0,0,0,1,6,11,9,9,5,4,17,2,8,22,3,25,18,7,11,3,8,3,0,13,8,24,3,9,27,26,9,12,3,14,11,11,3,1,12,26,15,0,8,13
4,4,1,2,2,2,4,4,0,1,4,12,4,3,10,2,7,3,13,6,10,25,3,6,2,2,7,5,7,16,7,1,1,6,0,14,14,2,3,6,0,5,3,4,1,11,0,8,2
11,13,37,29,2,12,2,6,14,8,14,18,13,14,29,24,0,8,11,8,26,35,2,7,2,4,0,6,17,5,8,2,3,3,5,4,16,8,5,6,0,4,2,2,23,7,0,7,32
4,10,9,3,2,4,7,1,5,4,6,13,14,9,23,13,0,9,7,13,2,11,9,10,6,10,1,5,6,23,10,1,9,13,16,35,6,0,8,3,3,3,0,5,26,25,0,11,15
12,9,12,2,0,3,4,9,10,1,17,10,6,11,4,18,0,19,29,25,14,22,13,14,3,11,7,13,16,14,22,10,22,27,21,11,21,7,5,16,6,12,3,2,43,17,0,18,27
12,6,0,2,1,5,4,2,6,1,7,9,10,12,12,3,1,5,20,33,10,33,10,18,7,12,6,12,21,24,8,3,11,25,20,21,32,8,17,11,7,11,1,5,6,10,0,28,30
12,15,12,13,6,8,3,5,6,5,11,12,8,22,2,12,0,15,3,0,2,28,5,6,0,12,0,11,2,9,4,0,10,7,3,3,1,2,5,5,0,1,0,4,21,0,0,0,4
3,8,1,9,0,5,7,0,0,10,8,7,3,12,18,9,0,3,15,6,9,5,3,9,3,9,16,8,11,15,7,2,25,18,1,11,18,1,16,1,2,3,0,5,27,26,0,6,2
12,14,37,31,8,27,4,16,9,21,28,5,23,15,25,26,21,4,8,1,8,10,4,7,4,4,2,6,15,4,2,4,13,28,3,19,9,8,12,7,3,3,1,4,4,8,0,2,14
5,19,9,9,2,4,10,8,9,13,13,10,16,7,3,7,22,4,16,16,4,37,9,20,5,17,19,21,5,12,13,0,23,48,10,18,16,6,12,21,6,10,0,7,11,10,0,4,23
1,14,26,12,2,14,0,8,9,15,26,13,18,4,1,10,1,5,20,33,10,33,10,18,7,12,6,12,21,24,8,3,11,25,20,21,32,8,17,11,7,11,1,5,6,10,0,28,30
4,14,7,4,5,2,6,5,1,8,5,7,7,9,7,6,0,12,14,8,2,4,0,9,1,1,0,12,3,2,4,2,4,3,0,1,16,4,9,2,2,3,1,3,11,1,0,4,9
8,8,4,14,2,8,6,6,4,0,21,23,21,14,15,6,0,9,17,10,11,24,10,13,2,10,9,10,22,17,8,4,18,10,5,29,6,8,16,11,3,4,0,3,13,8,0,17,19
11,9,27,3,0,12,2,2,5,9,13,11,14,9,1,42,0,8,8,6,5,8,3,5,3,8,2,9,5,9,5,5,8,13,17,8,5,8,8,7,8,2,0,6,6,7,0,0,9
18,9,18,2,7,7,1,5,1,5,15,16,11,15,1,4,16,1,5,3,0,39,1,13,16,7,7,6,8,7,2,8,14,24,8,14,11,6,10,7,2,5,1,0,6,1,0,10,15
7,9,5,6,1,1,19,4,9,1,31,43,12,5,1,11,0,7,11,1,11,16,4,7,21,7,8,16,15,4,15,11,15,22,15,23,10,9,10,6,1,11,1,10,8,10,0,8,2
0,0,3,1,0,0,0,1,4,4,4,10,1,0,0,0,0,8,10,5,1,22,2,2,17,11,0,10,7,8,8,11,3,11,8,15,17,4,10,9,4,9,0,7,13,8,0,15,15
0,7,1,6,5,0,5,4,12,17,4,7,2,4,6,1,0,4,11,2,6,40,5,13,11,8,10,16,8,16,2,8,11,17,6,13,12,6,5,9,1,7,2,10,12,11,0,18,13
0,4,3,6,0,1,0,3,3,8,6,4,6,1,3,4,1,3,7,0,9,12,9,9,24,8,10,0,10,14,9,3,17,31,5,17,10,5,7,15,2,11,1,12,9,5,0,4,9
2,15,11,10,5,4,2,6,11,2,5,24,17,4,4,10,0,0,11,1,0,19,6,6,8,5,7,21,6,4,1,2,16,8,0,19,6,8,5,7,4,0,1,6,8,1,0,2,2
6,6,3,9,13,9,0,5,10,27,9,16,11,7,21,19,1,1,20,0,4,24,7,10,10,13,1,1,20,2,5,1,24,11,5,21,14,7,15,8,8,13,2,3,11,9,0,6,16
1,1,1,1,0,0,0,0,0,4,2,5,1,2,2,0,0,0,3,0,3,1,2,1,0,0,1,5,0,6,2,1,0,8,6,1,0,3,7,5,1,1,0,0,7,3,0,1,2
5,11,5,6,17,11,1,6,9,11,13,16,6,3,10,7,0,1,10,1,6,37,6,6,12,4,19,10,18,5,3,0,13,28,10,19,23,4,3,15,2,3,1,7,5,10,0,13,24
2,8,16,11,12,9,7,2,3,10,2,16,5,5,8,5,0,1,0,3,0,25,1,2,0,2,2,5,2,7,1,0,4,0,1,6,5,2,8,10,4,0,1,0,9,1,0,3,19
4,11,9,9,9,13,13,8,16,2,13,15,14,12,12,23,3,6,16,0,3,26,4,10,0,10,24,16,15,11,10,1,7,4,6,20,4,6,3,13,1,3,2,3,4,1,0,8,18
2,0,6,4,0,4,1,5,5,0,3,12,7,4,1,7,25,4,14,3,29,12,6,8,14,8,5,17,15,16,24,1,37,21,9,12,17,6,19,11,7,2,0,4,8,14,0,9,13
22,10,9,7,7,14,6,2,15,22,10,15,15,10,22,7,0,0,1,0,1,6,0,5,5,3,0,2,7,8,1,1,4,11,7,0,7,0,7,7,1,2,0,6,1,11,0,1,1
9,12,16,10,4,4,10,8,3,8,13,16,16,8,3,7,1,2,2,1,1,10,2,16,5,10,22,9,7,14,5,5,25,10,13,25,11,4,6,9,8,1,1,7,6,24,0,14,13
1,13,0,13,7,7,3,2,8,6,4,13,17,7,14,2,0,2,2,0,8,17,2,2,9,8,19,14,22,12,20,2,11,6,8,16,19,8,7,18,4,5,0,1,5,10,0,7,22
4,11,14,15,17,11,12,15,3,7,13,9,18,17,19,14,1,6,20,0,26,10,11,16,16,17,9,35,25,25,20,11,13,25,6,33,20,9,24,14,11,11,1,12,15,29,0,25,25
13,17,21,18,21,10,7,10,23,4,23,27,13,16,7,22,0,1,1,0,0,0,0,4,3,0,0,2,4,11,1,24,0,25,1,3,2,2,0,7,0,2,0,7,0,0,0,0,8
2,10,1,7,5,8,4,2,4,1,6,2,2,5,9,0,0,0,16,2,14,8,6,7,9,9,4,13,16,11,11,13,10,34,17,14,15,11,10,18,4,20,0,3,6,11,0,13,39
9,12,16,10,4,4,10,8,3,8,13,16,16,8,3,7,0,0,4,3,2,15,7,1,2,0,0,5,10,23,0,0,7,2,6,1,7,5,3,5,0,6,0,1,2,1,0,6,1
3,27,1,10,7,6,0,20,30,2,20,26,5,13,18,11,13,2,4,4,4,3,4,3,9,5,2,7,0,6,2,0,6,12,20,15,11,2,14,7,2,6,3,7,11,3,0,0,23
9,11,10,10,1,6,1,8,17,7,21,22,10,8,16,5,9,3,11,4,11,9,3,8,32,9,2,26,14,15,10,0,12,5,8,10,8,8,11,16,3,14,1,1,6,4,0,5,17
8,10,9,19,3,6,1,10,11,25,8,12,16,7,13,3,0,0,4,0,13,29,4,1,1,0,9,0,2,8,3,0,1,10,3,21,12,1,9,7,1,3,1,5,11,6,0,5,23
4,14,7,4,5,2,6,5,1,8,5,7,7,9,7,6,0,4,4,0,13,1,2,3,0,0,0,10,2,8,2,0,0,7,2,6,5,3,6,2,1,11,0,1,2,8,0,11,27
5,8,3,18,6,9,0,4,12,1,16,32,11,13,11,7,1,1,2,1,8,8,10,1,0,3,1,15,17,1,11,2,13,7,6,0,7,4,13,10,10,3,18,1,0,10,0,25,1
3,1,0,6,7,12,0,3,14,4,13,18,5,2,10,9,0,0,5,2,0,0,5,4,2,3,1,4,5,9,15,0,0,5,1,0,6,1,1,5,1,5,0,1,7,12,0,7,12
7,20,5,15,10,22,1,4,18,11,23,31,12,19,32,6,20,3,7,3,4,4,13,7,0,17,3,8,7,10,6,2,18,16,4,11,10,13,6,6,1,6,5,4,6,19,0,6,17
8,10,9,19,3,6,1,10,11,25,8,12,16,7,13,3,0,1,6,1,0,1,2,0,13,0,1,3,11,3,7,2,1,11,6,7,9,5,8,3,2,6,2,5,3,5,0,7,3
3,4,4,4,5,3,0,4,8,2,7,6,4,1,4,3,0,1,10,3,18,12,2,12,8,5,5,10,7,28,11,1,21,12,4,24,14,7,10,11,6,11,5,3,5,18,0,14,41
9,7,1,5,2,8,4,4,5,5,11,12,10,5,12,7,2,1,12,3,7,4,5,3,5,2,0,2,10,15,1,4,6,9,2,7,4,4,3,7,1,3,9,4,1,43,0,24,40
3,0,1,5,5,8,1,7,9,5,7,9,6,1,8,4,0,3,12,2,10,2,2,3,5,4,10,6,15,11,9,4,1,5,5,17,5,3,6,2,0,4,3,2,4,28,0,5,38
0,4,2,3,15,8,1,2,0,6,2,6,1,2,3,3,0,1,9,0,8,0,2,9,6,10,0,10,6,8,8,0,10,4,3,12,1,3,5,6,0,8,1,1,5,10,0,13,2
3,2,1,4,7,9,1,6,1,1,3,2,0,4,6,4,5,2,8,1,3,17,7,4,1,5,1,7,2,7,10,2,13,9,9,4,6,5,3,10,2,27,4,5,7,11,0,6,24
5,8,0,7,9,7,0,3,10,6,17,15,6,7,12,10,0,4,14,2,27,17,8,4,11,12,19,5,15,10,8,0,22,11,4,9,14,2,8,10,0,9,4,3,2,11,0,14,8
6,17,9,12,9,18,0,9,11,13,15,7,8,6,13,16,4,3,4,2,14,7,9,12,2,11,0,10,8,14,10,2,10,11,6,5,15,7,1,11,3,16,6,6,11,14,0,23,33
5,11,17,13,10,9,6,9,9,7,10,15,18,5,17,20,0,3,11,2,9,14,4,2,3,26,3,5,14,2,9,4,4,7,8,17,8,4,10,14,3,9,7,5,2,9,0,1,16
0,7,6,9,5,10,7,14,11,9,10,13,11,4,7,8,0,0,2,0,2,3,2,9,4,9,0,6,5,6,8,0,13,2,0,11,8,6,4,8,0,10,6,2,8,11,0,5,22
10,13,16,6,7,12,1,6,7,6,9,9,10,11,27,9,0,8,17,8,36,27,5,13,1,20,15,22,14,7,20,1,28,12,10,15,20,12,12,11,8,20,2,1,16,8,0,9,30
1,10,1,5,1,4,2,3,0,8,1,10,3,3,4,0,0,0,9,0,7,1,0,3,3,4,0,2,0,8,16,1,0,10,0,8,13,0,3,5,1,0,0,1,16,19,0,17,1
7,19,8,15,12,4,1,6,7,14,8,8,18,13,22,5,1,0,9,1,8,9,7,6,4,17,4,32,16,12,25,4,27,26,15,22,14,2,10,14,12,14,5,9,18,32,0,10,14
5,4,0,1,3,2,0,0,0,0,2,2,1,8,0,0,0,4,2,8,1,3,6,4,3,10,1,10,14,12,15,1,14,12,2,10,9,0,7,9,12,5,3,2,3,5,0,2,7
7,15,4,8,7,6,0,4,6,19,4,14,10,1,13,9,0,0,2,0,2,3,2,9,4,9,0,6,5,6,8,0,13,2,0,11,8,6,4,8,0,10,6,2,8,11,0,5,22
11,18,1,11,5,9,0,3,6,5,12,7,11,0,15,10,0,8,17,8,36,27,5,13,1,20,15,22,14,7,20,1,28,12,10,15,20,12,12,11,8,20,2,1,16,8,0,9,30
4,16,0,4,1,1,0,1,5,4,1,11,0,0,19,0,0,0,9,0,7,1,0,3,3,4,0,2,0,8,16,1,0,10,0,8,13,0,3,5,1,0,0,1,16,19,0,17,1
10,6,16,10,4,3,0,4,7,4,9,10,3,2,12,5,2,13,66,19,38,21,25,33,12,11,14,61,33,42,49,7,39,23,20,62,39,32,30,37,31,34,12,12,35,54,0,25,33
9,5,3,8,25,10,2,7,13,8,18,10,13,2,26,11,0,2,6,4,8,7,1,8,0,3,4,4,1,4,1,6,11,2,6,10,8,0,4,8,5,6,1,1,0,18,0,6,3
10,16,11,13,7,28,1,14,7,18,25,13,20,13,48,16,1,0,9,0,0,3,4,3,2,7,0,1,13,1,11,1,5,6,0,6,8,3,11,4,0,0,1,4,7,16,0,4,12
2,1,0,3,0,1,0,3,1,0,17,6,3,1,23,7,1,0,12,9,6,9,9,4,1,10,3,9,12,3,10,1,6,4,6,5,16,5,7,10,3,6,2,3,4,22,0,3,16
6,6,10,12,0,12,0,2,4,15,40,31,11,15,11,5,0,2,11,3,10,3,5,6,1,5,3,9,14,7,5,3,7,1,4,8,13,10,12,5,4,13,1,5,12,8,0,1,17
10,2,2,11,2,3,0,2,5,4,5,6,2,2,20,3,1,2,10,1,18,29,4,10,8,3,3,14,11,23,27,1,13,4,9,24,11,11,16,7,7,16,13,4,6,27,0,9,44
3,10,5,7,4,7,0,1,11,3,8,4,6,4,2,2,0,0,5,2,2,2,2,5,5,7,0,0,6,1,1,2,1,5,1,5,4,2,9,3,5,6,0,0,7,16,0,6,2
6,12,17,9,6,5,0,4,5,3,16,8,7,2,3,4,3,3,17,6,19,16,3,2,13,6,4,9,8,10,12,6,17,10,10,6,10,7,12,11,4,9,4,10,13,17,0,11,26
1,7,8,6,3,7,0,8,3,2,9,12,7,3,14,5,1,7,7,3,12,3,4,6,7,7,2,9,11,8,16,1,2,6,2,10,13,3,19,8,3,0,1,4,10,13,0,5,0
5,4,8,4,3,7,0,1,1,17,10,7,3,2,0,0,2,3,4,6,14,1,7,3,8,12,4,3,5,2,11,3,15,6,1,14,13,2,15,6,2,3,1,2,5,15,0,9,9
0,1,1,3,0,7,1,5,0,3,10,4,1,7,13,4,0,4,20,10,10,5,6,13,6,8,4,16,15,0,6,16,8,5,19,23,25,3,21,2,8,8,3,8,10,17,0,6,21
2,6,4,4,1,3,0,0,4,0,5,2,1,1,0,10,1,4,14,3,6,4,5,5,14,11,0,10,7,5,13,10,3,1,4,5,19,3,29,6,2,2,3,3,0,9,0,3,0
5,5,9,13,2,8,1,15,9,10,18,3,7,8,16,20,0,6,20,5,4,0,4,4,6,8,1,3,9,6,15,8,1,10,4,6,5,8,20,7,5,0,1,1,0,8,0,8,17
2,0,7,6,0,3,0,1,3,3,5,7,1,1,7,1,5,16,18,3,8,1,6,15,13,12,7,21,13,9,13,27,12,11,9,33,32,11,58,12,12,3,3,7,6,11,0,7,14
8,9,5,6,2,10,4,18,9,5,5,11,4,9,29,15,0,2,7,4,11,9,1,5,6,1,5,4,16,12,9,7,7,1,4,14,3,4,24,1,3,2,1,2,12,8,0,16,14
5,6,3,8,4,0,0,2,3,7,15,9,10,0,8,1,1,17,14,7,10,1,4,9,4,6,3,23,21,18,4,27,6,8,18,13,25,9,27,8,4,6,3,4,26,14,0,19,20
1,7,17,3,3,11,0,20,12,7,5,4,12,12,4,14,1,5,28,9,11,8,5,16,5,6,8,13,30,11,29,24,10,15,7,37,27,7,32,10,5,6,10,3,8,11,0,8,19
3,0,7,5,7,7,0,2,12,2,6,9,8,8,12,11,5,12,15,0,6,4,2,10,1,17,2,31,21,28,29,9,16,18,3,16,10,22,24,13,8,0,2,7,31,18,0,8,20
6,6,17,6,3,7,0,5,5,3,12,24,8,5,5,7,0,4,4,0,0,1,0,3,0,0,0,6,6,1,3,0,1,9,1,9,9,2,1,3,6,4,0,2,0,9,0,7,1
4,10,4,10,0,15,0,2,8,12,17,10,10,7,11,17,2,11,18,12,4,4,6,2,15,4,1,3,6,7,9,8,5,3,4,9,11,2,14,7,13,7,3,2,1,5,0,11,7
1,14,5,4,1,1,0,8,6,9,8,8,9,1,6,4,4,18,17,3,6,5,5,5,3,9,4,9,1,4,11,21,3,0,6,11,17,10,23,13,3,7,12,2,7,18,0,11,8
6,2,10,2,0,4,0,6,14,6,1,7,6,4,11,7,3,27,11,1,6,7,3,0,2,3,2,6,23,6,7,11,8,6,6,11,16,13,25,4,5,5,6,2,4,15,0,14,14
0,11,2,7,1,7,0,0,3,12,6,2,1,3,8,0,1,11,11,10,4,7,4,10,3,5,3,5,4,13,4,15,8,9,2,9,9,8,26,9,8,5,2,5,15,8,0,9,18
6,9,12,8,7,23,0,6,23,12,11,16,16,8,22,14,0,17,16,10,6,11,6,5,6,3,2,3,12,7,11,5,5,7,3,9,18,3,25,7,4,6,1,1,7,11,0,8,4
1,0,0,3,1,1,0,0,2,7,0,5,1,0,8,16,2,16,9,7,8,8,4,7,0,1,8,5,19,15,4,8,7,9,2,6,13,16,22,3,2,8,5,3,12,8,0,6,12
0,21,3,13,0,26,0,2,6,13,4,25,3,8,27,2,1,10,19,6,3,0,5,2,5,3,6,11,8,24,7,14,8,3,6,17,9,13,25,5,6,2,7,3,7,13,0,17,12
5,9,9,6,0,1,0,2,3,17,14,25,10,5,17,12,3,8,7,10,2,12,6,0,8,6,3,4,23,13,9,22,2,16,6,17,34,8,16,8,6,7,4,5,5,11,0,10,19
0,11,2,7,1,7,0,0,3,12,6,2,1,3,8,0,2,9,13,12,9,5,5,0,4,12,4,19,10,19,10,33,4,11,8,10,24,14,39,12,10,1,4,6,3,11,0,9,20
6,9,12,8,7,23,0,6,23,12,11,16,16,8,22,14,0,12,7,1,2,15,0,0,6,13,0,5,7,9,11,8,7,4,0,6,28,10,21,4,1,2,5,2,3,5,0,5,17
1,0,0,3,1,1,0,0,2,7,0,5,1,0,8,16,5,22,16,1,5,7,4,10,2,1,2,16,18,11,6,16,8,7,2,27,15,14,31,5,1,3,7,6,5,11,0,4,20
16,26,22,34,5,15,19,23,30,37,27,41,26,26,23,32,30,18,14,4,0,4,4,4,1,8,0,11,4,3,7,18,10,7,2,5,12,7,26,3,3,1,4,3,10,15,1,17,10
3,0,0,10,3,2,5,3,1,6,5,7,5,3,4,3,13,21,14,14,0,1,6,0,6,8,3,8,10,9,14,8,4,6,5,22,34,9,24,4,9,8,2,0,4,1,0,4,4
1,0,0,6,5,2,8,0,5,8,3,11,2,2,3,14,16,25,12,12,1,15,6,9,5,5,1,7,12,5,9,31,4,21,9,17,25,17,30,4,16,3,6,4,8,6,0,1,20
7,5,7,12,2,12,3,8,3,7,9,12,4,6,4,5,2,17,13,1,1,4,5,2,15,13,7,7,33,19,10,27,1,4,4,20,13,12,16,6,5,2,6,2,8,8,1,8,9
2,9,8,5,6,4,15,1,3,8,10,14,7,6,8,13,33,25,18,5,4,10,5,5,3,10,1,11,12,13,10,12,9,3,2,25,26,12,19,5,9,11,8,5,7,9,2,8,5
8,9,9,8,12,16,1,7,13,10,14,22,25,3,8,20,14,31,25,2,7,4,7,17,3,7,3,11,13,15,4,25,11,11,4,11,23,12,24,7,3,0,4,5,15,15,0,14,15
6,0,3,4,3,1,0,0,1,1,6,7,12,3,10,12,9,12,19,3,8,19,2,1,0,6,13,11,23,16,13,31,13,7,1,17,22,19,22,16,11,2,6,1,5,10,0,8,10
9,16,11,14,10,10,2,5,6,5,20,21,19,14,10,16,25,2,21,13,2,2,3,18,4,14,8,10,19,13,32,26,5,9,4,13,36,18,37,10,10,2,2,0,15,12,1,3,13
7,4,2,2,7,5,8,1,0,3,8,11,6,7,4,11,12,18,20,16,12,5,2,8,4,20,9,16,26,9,8,24,13,11,14,14,25,34,25,5,4,4,2,1,16,10,1,5,7
0,2,5,2,6,4,0,1,1,5,8,12,1,7,11,9,15,17,30,13,4,6,7,9,12,17,11,34,35,25,22,30,4,22,3,16,27,46,33,8,30,10,4,1,19,16,2,15,15
6,3,4,4,7,9,9,10,7,4,17,12,6,3,14,16,15,7,13,1,3,5,4,4,3,2,15,3,1,7,4,14,3,3,0,1,10,9,6,3,1,0,2,3,4,4,1,6,15
1,11,7,1,1,10,5,1,10,7,6,10,12,6,2,5,10,16,8,15,3,6,2,1,5,2,3,8,22,10,7,3,4,3,0,6,5,16,12,3,1,7,2,2,10,9,0,14,2
8,7,5,2,3,3,1,1,12,4,12,6,9,3,6,7,3,14,8,7,0,13,3,14,7,3,21,6,11,10,8,29,4,8,7,5,15,31,21,2,10,6,3,2,8,10,0,2,12
9,9,4,11,2,19,16,4,16,15,8,21,20,3,25,13,12,18,20,16,12,5,2,8,4,20,9,16,26,9,8,24,13,11,14,14,25,34,25,5,4,4,2,1,16,10,1,5,7
2,2,0,6,2,3,4,0,5,4,9,5,4,1,7,13,34,9,37,16,23,16,10,13,11,20,22,27,19,22,10,30,31,29,16,23,30,49,39,11,15,16,4,6,9,23,1,9,28
1,20,9,12,3,19,3,9,10,11,15,14,23,9,28,7,1,23,21,15,10,5,4,6,6,3,9,18,32,11,3,9,4,3,1,4,12,26,13,7,5,1,5,4,15,11,0,7,13
11,6,18,6,5,26,5,3,22,11,17,12,22,3,22,16,8,7,4,4,1,7,2,1,10,9,6,5,10,3,2,19,3,6,1,8,6,23,12,2,2,2,8,1,17,16,0,15,0
5,12,7,3,6,23,4,4,8,30,29,15,17,3,21,9,15,9,10,6,5,6,2,9,3,7,10,5,6,6,11,15,16,11,4,9,8,22,22,2,2,2,7,2,9,13,0,10,3
0,0,0,0,1,2,2,0,3,19,1,0,9,3,5,7,11,5,13,4,8,22,3,7,5,2,10,13,11,3,10,17,13,6,10,10,15,28,27,10,8,7,6,3,10,7,1,6,14
2,0,6,9,4,1,8,3,3,1,5,3,7,3,9,7,10,13,14,5,2,21,2,4,6,9,9,13,1,11,6,20,6,1,3,10,12,26,20,3,8,4,7,4,7,8,0,5,8
4,3,7,4,5,3,2,2,8,0,5,21,5,0,7,5,4,5,13,5,2,6,5,4,1,1,2,11,6,8,13,10,2,12,2,3,13,18,12,2,1,0,9,15,3,8,2,11,17
1,3,1,5,9,4,3,3,9,6,3,4,7,4,4,15,2,13,4,10,2,16,4,6,1,5,15,10,16,9,10,13,7,12,4,25,15,23,21,5,6,2,0,7,8,6,1,4,12
0,2,7,11,11,11,1,9,10,11,10,10,7,3,8,12,0,16,10,1,3,16,9,8,3,7,16,23,17,9,11,28,6,7,9,8,20,33,18,2,0,8,3,5,7,10,0,6,9
1,6,8,7,5,7,3,4,5,9,4,2,6,3,8,19,11,21,15,16,0,4,7,13,2,15,26,5,9,8,11,5,8,7,11,14,13,23,14,6,9,9,2,5,14,17,0,1,6
2,9,13,12,8,11,4,5,6,10,6,9,12,3,6,7,7,5,4,0,6,4,3,7,4,7,7,4,7,8,15,4,5,3,4,6,13,13,8,2,0,0,0,1,1,11,0,6,0
0,9,10,14,9,8,0,3,5,9,13,6,13,7,17,15,6,9,8,4,8,11,3,5,10,5,34,8,11,7,15,18,11,4,3,4,18,24,11,5,2,0,1,9,10,11,0,8,6
6,11,2,9,10,4,3,2,7,11,6,7,10,8,9,19,1,11,4,5,0,6,2,5,4,12,19,3,17,1,9,14,3,2,2,13,7,8,1,4,3,1,1,1,10,12,0,3,8
5,8,15,9,10,8,5,4,9,6,3,18,2,8,9,19,0,0,10,14,13,6,0,6,1,3,15,9,15,9,7,10,11,22,17,17,12,15,2,6,7,1,3,8,0,7,0,9,6
0,4,9,3,1,3,1,3,7,3,0,1,0,5,3,6,1,4,4,4,9,2,4,2,2,6,7,0,4,4,15,4,8,10,5,12,4,15,8,3,2,1,1,0,2,5,0,5,4
0,5,2,16,16,9,2,5,3,10,9,3,1,6,5,10,4,2,7,5,16,4,3,8,4,2,10,8,13,10,7,3,14,13,12,6,9,18,9,1,6,1,1,5,13,12,1,4,5
7,8,3,12,13,15,3,8,7,7,3,13,8,4,7,6,4,6,1,5,8,3,3,6,4,9,14,1,14,24,17,8,12,10,3,5,16,6,9,3,3,1,0,7,10,9,0,5,3
4,1,3,7,10,15,0,4,9,17,11,8,9,7,10,13,8,7,6,3,15,1,3,3,0,15,9,4,29,9,9,0,12,12,7,25,9,14,8,6,2,1,0,6,15,17,0,8,4
3,7,4,8,17,12,2,7,13,6,4,10,8,5,0,8,6,6,3,3,10,4,9,1,0,15,14,3,15,10,6,7,21,12,7,21,8,13,11,1,1,2,0,5,6,9,0,8,10
3,9,4,9,7,1,0,1,6,2,11,14,1,4,9,10,1,0,2,4,13,0,1,6,5,3,7,0,11,5,1,4,7,4,2,0,7,10,5,3,0,0,1,3,7,11,0,3,10
7,4,9,8,5,5,0,0,8,2,8,23,0,4,11,3,7,0,5,4,9,1,0,1,5,2,6,6,7,10,2,2,1,7,1,16,1,11,7,2,1,0,0,2,10,10,0,2,7
1,2,2,5,12,13,4,2,13,9,3,16,0,2,5,9,10,0,17,3,3,3,1,3,1,0,15,3,4,8,9,16,10,9,6,6,15,25,15,5,1,0,0,0,14,14,2,4,4
6,9,11,6,4,4,5,0,12,8,13,15,2,8,8,9,1,5,11,6,8,3,4,2,4,1,11,9,11,13,10,11,7,12,1,12,9,23,7,5,0,3,0,8,2,12,0,6,7
5,14,11,8,12,18,2,2,8,4,6,10,0,7,13,14,6,21,7,7,6,5,3,4,10,1,16,3,11,8,8,26,2,3,3,18,11,26,12,13,0,4,0,5,6,9,2,7,8
6,9,6,8,7,14,6,1,12,8,6,16,5,9,8,13,3,18,12,3,9,1,3,9,11,0,16,1,8,4,6,14,0,6,4,8,12,10,12,6,0,5,0,5,9,10,0,7,5
20,9,4,18,12,12,6,3,7,5,18,16,2,12,7,22,6,10,8,5,21,9,2,4,5,3,15,7,9,3,8,17,5,10,2,9,8,9,23,12,2,8,1,3,9,7,1,7,1
5,1,0,1,1,4,2,0,6,1,5,2,0,1,1,14,26,23,12,4,17,10,1,9,0,3,5,6,18,2,10,30,10,9,11,7,14,23,24,11,2,4,2,4,18,16,1,12,4
2,0,0,2,3,3,0,1,2,2,5,0,0,0,0,5,10,15,22,0,14,1,4,7,5,4,15,7,15,10,9,9,7,8,4,13,19,15,15,15,3,8,0,3,9,21,1,3,11
0,8,1,3,1,4,9,0,5,11,3,3,0,2,8,10,4,9,7,0,11,5,6,6,4,21,10,19,11,1,8,3,12,9,5,11,12,23,8,10,1,3,1,14,8,9,0,5,2
6,9,6,8,7,14,6,1,12,8,6,16,5,9,8,13,9,10,8,0,2,14,3,8,2,5,18,2,7,1,12,11,8,3,2,13,22,14,12,8,5,8,1,0,10,15,1,2,4
0,11,9,2,6,9,6,2,19,10,8,26,0,6,17,29,0,0,0,0,0,0,0,0,0,0,0,0,0,0,0,0,0,0,0,0,0,0,0,0,0,0,0,0,0,0,0,0,0
1,1,0,0,6,10,3,1,8,1,8,11,0,2,8,8,7,2,7,3,1,10,8,0,0,4,8,4,13,4,7,13,6,10,3,10,8,12,6,3,0,15,1,1,7,16,0,4,14
0,4,13,0,4,5,0,0,6,2,2,0,0,3,11,5,3,2,8,0,1,11,2,2,0,0,3,10,2,4,3,4,2,1,4,2,7,14,6,6,3,3,0,0,6,3,0,0,3
0,15,13,0,5,5,13,2,3,0,3,9,1,8,13,21,11,18,17,3,5,20,2,7,6,7,9,7,14,10,12,21,13,1,9,22,20,22,19,12,1,9,2,4,13,3,1,1,9
0,3,1,0,12,4,7,3,10,11,4,11,1,11,11,12,9,5,8,0,2,20,2,9,0,5,11,2,4,4,6,13,9,17,12,9,8,14,16,3,3,3,1,5,7,11,3,1,7
0,8,5,14,8,7,6,2,7,5,6,5,0,7,3,3,9,2,18,5,2,13,6,4,2,11,16,4,12,8,7,14,18,18,7,12,12,12,8,9,5,6,3,9,8,18,0,3,2
0,7,2,4,10,8,0,0,8,1,8,4,3,0,6,4,11,1,20,6,4,9,8,15,1,12,25,2,18,12,8,20,14,24,5,16,16,19,18,19,13,10,5,3,21,20,0,5,3
0,7,4,4,0,6,3,0,6,0,2,15,0,4,4,19,4,8,12,0,2,6,2,11,1,5,8,1,8,4,13,19,19,13,10,18,17,26,12,15,4,3,1,0,4,11,0,3,6
0,5,11,2,7,2,2,2,13,6,5,8,0,3,10,12,0,19,26,2,1,11,4,6,1,18,18,7,9,9,24,19,9,14,14,28,21,26,22,10,6,3,3,1,3,15,0,7,6
0,11,2,8,9,1,1,6,9,12,17,9,0,10,16,9,1,4,5,4,4,3,1,5,1,1,12,0,15,9,18,4,10,23,10,22,11,22,2,7,1,3,3,6,20,11,0,4,0
0,6,6,0,2,8,2,2,3,1,4,4,0,0,4,4,0,6,7,1,1,0,3,4,3,3,21,4,12,6,13,8,4,7,3,12,15,10,3,8,6,3,1,2,5,11,0,5,2
0,8,4,6,12,12,1,2,2,3,6,18,2,8,12,16,,,,,,,,,,,,,,,,,,,,,,,,,,,,,,,,,
0,16,8,5,0,0,0,0,0,1,4,0,1,4,11,9,,,,,,,,,,,,,,,,,,,,,,,,,,,,,,,,,
1,6,4,3,6,3,7,0,1,11,11,15,0,4,9,7,,,,,,,,,,,,,,,,,,,,,,,,,,,,,,,,,
4,2,5,3,1,6,0,1,1,3,8,3,0,1,21,7,,,,,,,,,,,,,,,,,,,,,,,,,,,,,,,,,
6,1,1,3,0,1,0,1,0,2,4,3,0,6,15,10,,,,,,,,,,,,,,,,,,,,,,,,,,,,,,,,,
5,3,2,2,5,6,0,1,0,13,6,15,0,1,9,9,,,,,,,,,,,,,,,,,,,,,,,,,,,,,,,,,
6,4,0,1,6,9,1,1,0,24,0,4,0,1,2,9,,,,,,,,,,,,,,,,,,,,,,,,,,,,,,,,,
2,3,1,3,2,6,1,3,0,6,3,8,0,7,4,1,,,,,,,,,,,,,,,,,,,,,,,,,,,,,,,,,
1,2,3,5,4,3,0,0,1,3,1,0,0,1,24,7,,,,,,,,,,,,,,,,,,,,,,,,,,,,,,,,,
1,0,0,2,1,3,0,0,1,5,2,1,1,2,4,3,,,,,,,,,,,,,,,,,,,,,,,,,,,,,,,,,
1,3,0,4,2,8,4,0,0,2,3,1,0,2,10,7,,,,,,,,,,,,,,,,,,,,,,,,,,,,,,,,,
7,17,0,2,8,1,0,0,1,10,7,13,0,3,8,6,,,,,,,,,,,,,,,,,,,,,,,,,,,,,,,,,
4,10,5,7,2,9,0,1,6,4,11,17,0,6,8,5,,,,,,,,,,,,,,,,,,,,,,,,,,,,,,,,,
0,11,4,0,3,4,0,2,4,3,7,5,1,4,11,11,,,,,,,,,,,,,,,,,,,,,,,,,,,,,,,,,
0,6,2,5,3,1,0,1,2,6,8,8,5,3,6,10,,,,,,,,,,,,,,,,,,,,,,,,,,,,,,,,,
4,6,1,8,6,10,0,2,2,7,21,21,6,3,8,8,,,,,,,,,,,,,,,,,,,,,,,,,,,,,,,,,
4,4,0,5,1,11,0,0,5,3,4,9,3,3,9,10,,,,,,,,,,,,,,,,,,,,,,,,,,,,,,,,,
0,3,3,9,2,6,0,0,7,1,15,4,5,5,7,12,,,,,,,,,,,,,,,,,,,,,,,,,,,,,,,,,
1,2,11,5,1,11,0,1,5,4,12,4,3,7,9,10,,,,,,,,,,,,,,,,,,,,,,,,,,,,,,,,,
0,0,0,0,0,0,0,0,0,0,0,0,0,0,0,0,,,,,,,,,,,,,,,,,,,,,,,,,,,,,,,,,
2,1,5,6,1,4,0,1,3,9,14,7,10,3,7,11,,,,,,,,,,,,,,,,,,,,,,,,,,,,,,,,,
0,0,1,3,0,0,0,0,2,8,3,2,4,0,9,2,,,,,,,,,,,,,,,,,,,,,,,,,,,,,,,,,
2,8,3,2,11,4,0,2,5,6,9,5,11,3,9,13,,,,,,,,,,,,,,,,,,,,,,,,,,,,,,,,,
7,5,3,4,6,2,2,2,10,7,3,12,6,0,12,3,,,,,,,,,,,,,,,,,,,,,,,,,,,,,,,,,
2,9,1,4,4,9,0,4,1,10,4,2,4,1,12,13,,,,,,,,,,,,,,,,,,,,,,,,,,,,,,,,,
5,3,8,10,4,15,0,0,2,7,11,11,2,8,15,10,,,,,,,,,,,,,,,,,,,,,,,,,,,,,,,,,
3,8,2,3,6,13,0,2,6,16,6,6,9,4,14,9,,,,,,,,,,,,,,,,,,,,,,,,,,,,,,,,,
5,11,7,2,5,8,5,3,7,8,13,10,9,5,16,15,,,,,,,,,,,,,,,,,,,,,,,,,,,,,,,,,
1,3,5,5,4,6,0,0,0,9,7,13,17,4,20,8,,,,,,,,,,,,,,,,,,,,,,,,,,,,,,,,,
9,1,1,4,6,4,0,2,1,2,6,7,17,2,10,5,,,,,,,,,,,,,,,,,,,,,,,,,,,,,,,,,
